City,Cloudiness,Country,Date,Humidity,Lat,Lat,Max Temp,Wind Speed
Jamestown,17,AU,1575566404,83,-33.21,138.6,53.89,4.23
Kotido,69,UG,1575566890,56,3.01,34.12,76.06,11.59
Kapaa,40,US,1575566890,78,22.08,-159.32,75.2,18.34
Fort Nelson,90,CA,1575566891,84,58.81,-122.69,6.8,5.82
Ak-Dovurak,46,RU,1575566891,90,51.17,90.6,-6.92,0.78
Faanui,89,PF,1575566372,72,-16.48,-151.75,81.73,3.94
Severo-Yeniseyskiy,86,RU,1575566892,88,60.37,93.04,2.37,3.85
Rikitea,0,PF,1575566892,84,-23.12,-134.97,77.41,7.45
Port Lincoln,15,AU,1575566892,84,-34.72,135.86,56.77,8.34
Vardo,90,US,1575566859,41,39.62,-77.74,45,20.8
Hobyo,98,SO,1575566809,74,5.35,48.53,80.58,11.43
Valparaiso,1,US,1575566715,65,41.47,-87.06,43,8.05
Mount Gambier,90,AU,1575566465,76,-37.83,140.78,53.6,10.29
Busselton,0,AU,1575566301,23,-33.64,115.35,75,11.25
Saint-Philippe,90,CA,1575566328,80,45.36,-73.48,35.6,11.41
Mataura,48,NZ,1575566895,78,-46.19,168.86,51.01,3
George Town,20,MY,1575566895,83,5.42,100.33,80.6,4.7
Nenjiang,0,CN,1575566895,82,49.17,125.23,-9.36,8.95
West Bend,90,US,1575566895,86,43.43,-88.18,39.99,4.7
Coquimbo,90,CL,1575566353,72,-29.95,-71.34,75.99,10.29
Kaitangata,49,NZ,1575566672,77,-46.28,169.85,51.67,12.15
Torbay,90,CA,1575566416,100,47.66,-52.73,51.8,19.46
Bluff,0,AU,1575566315,77,-23.58,149.07,74.98,3.53
Albany,75,US,1575566302,47,42.65,-73.75,39,19.46
Punta Arenas,75,CL,1575566352,57,-53.16,-70.91,51.8,35.57
East London,20,ZA,1575566360,72,-33.02,27.91,68,19.46
Parkes,5,AU,1575566897,39,-33.14,148.18,63,6.04
Puerto Ayora,20,EC,1575566316,54,-0.74,-90.35,82.4,16.11
Saint-Joseph,90,FR,1575566654,51,43.56,6.97,59,3.36
Hasaki,75,JP,1575566664,70,35.73,140.83,42.8,9.17
Lompoc,90,US,1575566717,72,34.64,-120.46,62.01,19.46
Hilo,90,US,1575566899,88,19.71,-155.08,69.8,6.93
Pevek,0,RU,1575566899,84,69.7,170.27,-0.74,2.53
San Giustino,100,IT,1575566899,75,43.55,12.18,46.99,4.7
Butaritari,67,KI,1575566512,72,3.07,172.79,83.91,11.01
Caravelas,74,BR,1575566542,74,-17.73,-39.27,84.31,13.09
Mbandaka,51,CD,1575566900,91,0.05,18.26,74.71,0.67
Nanortalik,37,GL,1575566640,50,60.14,-45.24,29.79,2.13
Thongwa,46,MM,1575566900,88,16.76,96.52,73.4,4.7
Ancud,20,CL,1575566398,52,-41.87,-73.83,64.4,11.41
Chuy,37,UY,1575566896,48,-33.69,-53.46,70.81,12.21
Sur,0,OM,1575566902,60,22.57,59.53,71.94,9.89
Bereda,75,ES,1575566902,81,43.27,-7.54,54,5.82
Port Hardy,75,CA,1575566902,68,50.7,-127.42,32,2.24
Mar del Plata,0,AR,1575566334,25,-46.43,-67.52,73.9,28.99
Basco,1,US,1575566903,61,40.33,-91.2,51.01,9.17
Lorengau,46,PG,1575566515,75,-2.02,147.27,83.52,7.23
Kahului,40,US,1575566884,73,20.89,-156.47,75.2,9.17
Waipawa,51,NZ,1575566904,78,-39.94,176.59,55.99,3.22
Cidreira,28,BR,1575566531,73,-30.17,-50.22,70.57,20.22
Hobart,75,AU,1575566423,57,-42.88,147.33,51.8,17.22
Vaini,5,IN,1575566319,83,15.34,74.49,67.55,8.14
Richards Bay,98,ZA,1575566905,67,-28.77,32.06,70.18,15.03
Wanning,90,AT,1575566736,92,48.64,13.53,30.99,2.24
Carnarvon,84,ZA,1575566905,35,-30.97,22.13,71.38,13.69
Kimbe,88,PG,1575566905,87,-5.56,150.15,72.57,2.3
Ushuaia,75,AR,1575566906,93,-54.81,-68.31,48.2,38.03
Norman Wells,75,CA,1575566502,73,65.28,-126.83,-34.6,2.46
Ilulissat,5,GL,1575566295,50,69.22,-51.1,6.8,16.11
Avarua,2,CK,1575566338,88,-21.21,-159.78,77,4.7
Minot,90,US,1575566907,92,48.23,-101.3,28,10.29
Hakkari,90,FI,1575566907,80,61.34,23.75,41,18.34
Chisec,65,GT,1575566907,57,15.81,-90.29,82.42,4
Kutum,0,SD,1575566908,17,14.2,24.66,66.16,5.01
Buritama,26,BR,1575566908,59,-21.07,-50.14,88.11,11.74
Pizarro,6,CO,1575566908,83,4.95,-77.37,79.59,11.97
Thompson,75,CA,1575566225,76,55.74,-97.86,-11.2,9.17
Hamilton,90,CA,1575566272,64,43.26,-79.87,35.01,19.46
Kontagora,0,NG,1575566641,25,10.4,5.47,81.86,3.56
Vao,100,EE,1575566668,83,59.1,26.19,41,15.05
Floresta,97,BR,1575566909,15,-8.6,-38.57,96.96,3.98
Namibe,75,AO,1575566517,73,-15.19,12.15,77,7.31
Karatau,100,KZ,1575566910,83,43.18,70.46,46.18,23.87
Venustiano Carranza,5,MX,1575566910,34,19.42,-99.11,75.2,3.36
Dikson,100,RU,1575566385,97,73.51,80.55,-6.68,7.78
Santa Marta,40,CO,1575566911,74,11.24,-74.21,87.8,6.93
Yaan,7,NG,1575566911,25,7.38,8.57,85.3,2.62
Airai,77,TL,1575566769,61,-8.93,125.41,67.05,4
Rodrigues Alves,90,BR,1575566911,83,-7.74,-72.65,82.4,5.82
Los Llanos de Aridane,75,ES,1575566678,72,28.66,-17.92,64.4,28.86
Pimentel,76,BR,1575566912,66,-3.7,-45.5,87.01,5.99
Yarmouth,75,CA,1575566912,82,43.84,-66.12,39.99,12.75
Fort Saint James,100,CA,1575566912,85,54.43,-124.25,15.67,1.05
Castro,20,CL,1575566566,52,-42.48,-73.76,64.4,11.41
Namatanai,83,PG,1575566913,77,-3.66,152.44,81.73,4.59
Leshukonskoye,100,RU,1575566913,95,64.9,45.76,22.89,8.55
Guerrero Negro,0,MX,1575566396,49,27.97,-114.04,72.73,12.59
Baherden,100,TM,1575566913,63,38.44,57.43,47.73,4.7
Rio Grande,0,BR,1575566698,34,-32.03,-52.1,80.6,16.11
Tasiilaq,75,GL,1575566501,58,65.61,-37.64,26.6,10.29
Cockburn Town,75,TC,1575566731,78,21.46,-71.14,80.6,9.17
Taoudenni,0,ML,1575566914,20,22.68,-3.98,68.61,4.5
Saint-Augustin,90,CA,1575566746,72,45.63,-73.98,35.01,8.05
Komsomolskiy,91,RU,1575566415,96,67.55,63.78,2.01,3.6
Hun,73,BE,1575566915,92,50.34,4.87,35.6,10.29
Vestmannaeyjar,72,IS,1575566833,79,63.44,-20.27,28.4,11.41
Portland,20,US,1575566726,60,43.66,-70.25,42.01,6.93
Ambilobe,90,MG,1575566916,62,-13.19,49.05,79.65,9.06
Jieshi,100,CN,1575566916,44,22.82,115.83,55.99,3
Yellowknife,90,CA,1575566340,75,62.45,-114.38,-14.01,5.82
Charlestown,75,US,1575566327,64,41.38,-71.64,44.6,10.29
Tuktoyaktuk,90,CA,1575566373,84,69.44,-133.03,-2.2,17.22
Dong Hoi,71,VN,1575566917,59,17.48,106.6,65.28,18.61
Saldanha,0,PT,1575566612,78,41.42,-6.55,46.31,11.86
Grindavik,75,IS,1575566918,80,63.84,-22.43,30.2,3.36
Okato,0,NZ,1575566918,89,-39.19,173.88,54,3
Nantucket,1,US,1575566918,56,41.28,-70.1,45,14.99
Ribeira Grande,20,PT,1575566597,63,38.52,-28.7,64.4,4.7
Yerbogachen,27,RU,1575566919,96,61.28,108.01,-14.69,2.39
Bredasdorp,0,ZA,1575566919,56,-34.53,20.04,71.6,10.29
Chokurdakh,93,RU,1575566371,93,70.62,147.9,-13.43,14.41
Forbes,30,AU,1575566919,39,-33.38,148.01,63,5.01
Damghan,100,IR,1575566920,69,36.17,54.34,46.96,7.23
Abu Dhabi,0,AE,1575566868,60,24.47,54.37,75.2,5.82
Ishigaki,100,JP,1575566920,88,24.34,124.16,68.4,30.04
Terrace,90,CA,1575566921,92,54.52,-128.61,30.2,5.82
Bethel,90,US,1575566708,85,60.79,-161.76,15.8,12.75
Kavaratti,61,IN,1575566497,75,10.57,72.64,82.74,7.83
Santa Maria,75,BR,1575566921,74,-16.02,-48.01,78.8,8.05
Meulaboh,78,ID,1575566503,80,4.14,96.13,81.36,6.44
Kyshtovka,100,RU,1575566922,97,56.56,76.62,32.04,14.65
Siguiri,0,GN,1575566922,15,11.42,-9.17,85.28,1.77
Ahipara,0,NZ,1575566623,100,-35.17,173.16,59,6.22
Port Alfred,0,ZA,1575566923,83,-33.59,26.89,68,8.01
Mahebourg,40,MU,1575566632,83,-20.41,57.7,80.01,3.83
Atuona,16,PF,1575566923,74,-9.8,-139.03,79.34,12.62
Half Moon Bay,90,US,1575566701,87,37.46,-122.43,55.99,8.05
Takoradi,14,GH,1575566924,79,4.89,-1.75,81.16,10.56
Tuatapere,74,NZ,1575566924,78,-46.13,167.69,51.01,3
Itarema,88,BR,1575566397,48,-2.92,-39.92,88.92,14.34
Whyalla,90,AU,1575566911,77,-33.04,137.58,62.6,10.29
Kavieng,81,PG,1575566333,74,-2.57,150.8,82.87,1.68
Sayyan,0,YE,1575566925,48,15.17,44.32,51.1,9.78
Bathsheba,75,BB,1575566714,58,13.22,-59.52,87.8,19.46
Cape Town,0,ZA,1575566777,21,-33.93,18.42,82.4,16.11
Kindu,87,CD,1575566926,97,-2.95,25.92,71.37,1.7
Sonoita,1,US,1575566926,51,31.68,-110.66,64,10.29
Cherskiy,1,RU,1575566454,64,68.75,161.3,-0.78,9.84
Bonavista,100,CA,1575566927,84,48.65,-53.11,42.01,3
Aginskoye,0,RU,1575566927,81,51.11,114.54,7.66,16.98
Touros,91,BR,1575566927,38,-5.2,-35.46,89.6,13.87
Hithadhoo,54,MV,1575566341,80,-0.6,73.08,83.08,10.8
Nikolskoye,75,RU,1575566375,80,59.7,30.79,42.01,17.9
Tomatlan,0,MX,1575566928,46,19.93,-105.25,83.62,3.98
Okhotsk,76,RU,1575566928,67,59.36,143.24,-14.82,23.04
Provideniya,100,RU,1575566928,95,64.42,-173.23,11.93,16.17
Tautira,75,PF,1575566929,78,-17.73,-149.15,80.6,1.12
Bundaberg,12,AU,1575566929,88,-24.87,152.35,75.2,12.75
Cabo San Lucas,20,MX,1575566929,88,22.89,-109.91,79,2.24
Qaanaaq,99,GL,1575566425,59,77.48,-69.36,-2.16,9.69
Souillac,0,FR,1575566930,87,45.6,-0.6,46.4,5.82
San Cristobal,81,HN,1575566843,60,14.68,-86.92,76.15,5.39
Awjilah,13,LY,1575566930,35,29.14,21.3,64.31,7.78
Kodiak,1,US,1575566485,61,39.95,-94.76,54,7.72
Bandiagara,7,ML,1575566931,12,14.35,-3.61,81.1,8.25
Kapit,100,MY,1575566931,99,2.02,112.94,73.2,0.25
Zanjan,100,IR,1575566931,92,36.67,48.48,30.78,8.37
Napa,90,US,1575566878,93,38.3,-122.29,55.99,4.7
Port Elizabeth,90,US,1575566351,41,39.31,-74.98,46,18.34
Altay,96,CN,1575566932,36,47.83,88.13,23.47,3.42
Nileshwar,40,IN,1575566932,83,12.25,75.1,77,4.7
San Juan del Sur,15,NI,1575566932,62,11.25,-85.87,86,6.93
Vanimo,96,PG,1575566933,77,-2.67,141.3,84.11,16.24
Kozluk,90,TR,1575566933,93,38.17,41.5,46.4,5.82
Tezu,0,IN,1575566933,32,27.93,96.16,56.77,3.38
Tiksi,100,RU,1575566933,100,71.64,128.87,-16.92,3.74
Coos Bay,90,US,1575566934,100,43.37,-124.22,46,4.7
Charlottesville,1,US,1575566708,42,38.03,-78.48,53.01,10.29
Maniitsoq,0,GL,1575566519,51,65.42,-52.9,15.13,7.16
Itau de Minas,99,BR,1575566903,86,-20.74,-46.75,71.96,1.88
Rundu,90,NA,1575566935,73,-17.91,19.77,73.4,3.36
Natal,100,BR,1575566827,38,-5.81,-35.21,89.6,13.87
Buala,99,SB,1575566409,78,-8.15,159.59,79.54,2.71
Mount Isa,13,AU,1575566537,15,-20.73,139.49,66.2,6.93
Luderitz,67,NA,1575566500,64,-26.65,15.16,71.6,18.34
Beian,75,NO,1575566936,80,63.66,9.57,41,27.51
Tsabong,100,BW,1575566936,83,-26.02,22.4,63.57,13.96
Jertih,40,MY,1575566937,78,5.74,102.5,80.6,11.41
Kruisfontein,0,ZA,1575566937,70,-34,24.73,63.52,12.48
Kharian,0,PK,1575566937,87,32.81,73.87,55.4,4.7
Katsuura,75,JP,1575566674,49,33.93,134.5,46.4,13.87
Nokaneng,66,BW,1575566938,69,-19.66,22.19,74.64,2.86
Dukat,100,AL,1575566938,73,40.25,19.57,59.25,9.64
Lebu,91,ET,1575566344,84,8.96,38.73,54.95,4.88
Saskylakh,43,RU,1575566687,99,71.97,114.09,-36.38,2.66
Tubuala,40,PA,1575566939,66,9.52,-79.03,87.8,10.29
Kemi,86,FI,1575566939,82,65.74,24.56,33.8,10.29
Hermanus,0,ZA,1575566939,71,-34.42,19.24,70.23,9.6
Yurla,70,RU,1575566940,90,59.33,54.32,15.42,10.38
Barrow,16,AR,1575566940,18,-38.31,-60.23,80.82,5.14
Banjar,100,ID,1575566940,77,-7.37,108.54,74.86,1.41
Ayan,98,IR,1575566940,96,38.23,44.7,28.6,5.66
Ketchikan,20,US,1575566579,93,55.34,-131.65,37.4,5.82
Iqaluit,90,CA,1575566941,78,63.75,-68.52,14,4.7
Marsh Harbour,100,BS,1575566737,52,26.54,-77.06,72.19,9.91
Anadyr,75,RU,1575566683,72,64.73,177.51,17.6,29.08
Nishihara,75,JP,1575566942,42,35.74,139.53,52,6.93
Lazaro Cardenas,90,MX,1575566942,42,28.39,-105.62,68,8.05
Erzin,75,TR,1575566942,71,36.95,36.2,53.6,14.99
Gotsu,100,JP,1575566942,59,35.01,132.22,42.96,15.05
Lavrentiya,100,RU,1575566551,86,65.58,-170.99,14.23,20.47
Merritt,90,CA,1575566807,74,50.11,-120.79,28.4,3.36
Kenai,1,US,1575566330,85,60.55,-151.26,10.4,5.82
Khatanga,0,RU,1575566943,86,71.98,102.47,-29.94,10.56
Pascagoula,1,US,1575566815,34,30.37,-88.56,66.2,5.82
Chamba,0,IN,1575566944,29,32.56,76.12,47.86,7.27
Flinders,50,AU,1575566944,100,-34.58,150.85,64,3.94
Solnechnyy,0,RU,1575566944,90,50.72,136.64,-9.87,4.7
Nome,1,US,1575566944,60,30.04,-94.42,72,8.05
Velizh,94,RU,1575566945,89,55.61,31.2,34.23,10.87
Khani,1,GE,1575566673,74,41.96,42.96,33.8,4.7
Chamlykskaya,12,RU,1575566945,81,44.72,40.87,23.56,5.3
New Norfolk,75,AU,1575566447,57,-42.78,147.06,51.8,17.22
Fairbanks,1,US,1575566479,82,64.84,-147.72,-20.2,3.67
Padang,89,ID,1575566792,89,-0.92,100.36,67.5,5.75
Rudnyy,40,KZ,1575566946,85,52.96,63.12,10.4,6.71
Hualmay,51,PE,1575566713,52,-11.1,-77.61,78.13,9.73
Fortuna,1,US,1575566356,81,40.6,-124.16,53.6,12.75
Satellite Beach,1,US,1575566947,42,28.18,-80.59,71.6,7.23
Te Anau,96,NZ,1575566939,92,-45.41,167.72,48.65,4.72
Akcakoca,12,TR,1575566947,85,41.09,31.12,39.27,3.2
Ulaangom,30,MN,1575566947,88,49.98,92.07,-3.87,3.13
Mustla,100,EE,1575566947,81,58.23,25.86,42.8,19.46
Port-Gentil,40,GA,1575566721,88,-0.72,8.78,82.4,8.05
Bandarbeyla,100,SO,1575566690,82,9.49,50.81,80.62,33.24
Victoria,75,BN,1575566578,83,5.28,115.24,80.6,1.12
Arraial do Cabo,75,BR,1575566948,66,-22.97,-42.02,86,17.22
Gimli,98,CA,1575566949,78,50.63,-96.99,14.99,13.38
Nacala,0,MZ,1575566950,78,-14.56,40.69,78.84,9.04
Antalaha,0,MG,1575566950,73,-14.9,50.28,80.89,12.37
Esperance,1,AU,1575566526,93,-33.86,121.89,53.6,4.7
Zapolyarnyy,75,RU,1575566733,92,69.43,30.82,30.2,12.75
Ostrovnoy,100,RU,1575566471,94,68.05,39.51,21.2,14.52
Gat,85,SN,1575566951,29,14.69,-16.54,89.6,4.7
Georgetown,40,GY,1575566951,70,6.8,-58.16,87.8,9.17
Whitehorse,90,CA,1575566657,84,60.72,-135.06,1.4,2.24
Marathon,90,CA,1575566952,79,48.72,-86.38,19.4,5.82
Sandnessjoen,75,NO,1575566952,64,66.02,12.63,39.2,13.87
Kebumen,100,ID,1575566952,82,-7.67,109.65,77.25,0.6
Ubatuba,75,BR,1575566952,55,-23.43,-45.08,86,8.05
Sao Joao da Barra,28,BR,1575566952,66,-21.64,-41.05,84.2,16.11
Upernavik,4,GL,1575566426,73,72.79,-56.15,6.4,14.23
Sao Filipe,43,CV,1575566953,79,14.9,-24.5,68.92,18.81
Joaquim Gomes,20,BR,1575566953,48,-9.14,-35.75,87.8,13.87
Pinega,100,RU,1575566953,99,64.7,43.39,34.66,10.8
Makurdi,7,NG,1575566953,25,7.73,8.54,85.3,2.62
Alyangula,63,AU,1575566899,88,-13.85,136.42,71.6,3.36
Mersing,94,MY,1575566954,79,2.43,103.84,81.57,19.42
Saint Anthony,75,US,1575566468,92,43.97,-111.68,28.4,5.82
Huarmey,90,PE,1575566955,46,-10.07,-78.15,81.23,11.39
Pudukkottai,40,IN,1575566955,83,10.38,78.82,77,9.17
Opuwo,91,NA,1575566691,54,-18.06,13.84,75.49,10.38
Paso de Patria,1,AR,1575566955,36,-27.25,-58.55,78.8,9.17
Lokosovo,100,RU,1575566956,94,61.13,74.84,19.69,6.98
San Patricio,0,PY,1575566754,29,-26.98,-56.83,83.41,9.84
Okha,100,RU,1575566956,91,53.59,142.95,15.62,22.01
Thayetmyo,41,MM,1575566956,78,19.32,95.18,66.79,5.48
Sungaipenuh,100,ID,1575566957,97,-2.08,101.38,61.52,2.98
Atambua,87,ID,1575566957,84,-9.11,124.89,75.97,2.39
Quang Ngai,100,VN,1575566957,85,15.12,108.8,67.57,28.3
Matagami,0,NG,1575566957,35,9.67,8.4,75.99,2.1
Bambous Virieux,40,MU,1575566800,83,-20.34,57.76,80.01,8.03
Margate,75,AU,1575566529,57,-43.03,147.26,51.8,17.22
Rameshki,100,RU,1575566958,88,57.35,36.05,35.98,11.56
Rozivka,100,UA,1575566959,86,47.51,38.15,32.83,5.32
Hofn,20,IS,1575566493,59,64.25,-15.21,33.8,18.34
Pitimbu,20,BR,1575566959,52,-7.47,-34.81,87.8,14.99
Campos Belos,63,BR,1575566959,55,-13.04,-46.77,86.99,3.44
Ixtapa,5,MX,1575566960,73,20.71,-105.21,80.01,3.89
Port Macquarie,0,AU,1575566574,67,-31.43,152.91,59,4.7
Poum,2,MK,1575566909,83,41.28,20.71,32,1.12
Chippewa Falls,90,US,1575566960,86,44.94,-91.39,34,3.36
Cachoeira do Sul,33,BR,1575566961,38,-30.05,-52.89,79.72,12.12
Hengyang,81,CN,1575566961,50,26.89,112.6,47.91,7.02
Dong Xoai,0,VN,1575566840,72,11.53,106.92,69.03,5.82
Mackay,40,CA,1575566961,92,53.65,-115.58,8.6,6.93
Sitka,0,US,1575566962,52,37.17,-99.65,54.28,1.88
Viedma,0,AR,1575566715,29,-40.81,-62.99,75.83,19.82
Naze,40,NG,1575566962,79,5.43,7.07,84.2,6.93
Yar-Sale,100,RU,1575566962,96,66.83,70.83,7.79,3
Leningradskiy,100,RU,1575566904,87,69.38,178.42,16.41,15.95
Longyearbyen,75,NO,1575566524,86,78.22,15.63,32,50.55
Ankang,0,CN,1575566963,72,32.73,108.99,39.72,2.3
Daru,88,PG,1575566889,93,-9.07,143.21,76.3,3.49
Ntchisi,40,MW,1575566963,93,-13.36,33.92,64.4,6.93
Necochea,20,AR,1575566963,64,-38.55,-58.74,63,4
Teahupoo,75,PF,1575566964,78,-17.83,-149.27,80.6,1.12
Narsaq,20,GL,1575566679,37,60.91,-46.05,19.4,5.82
Egersund,75,NO,1575566823,87,58.45,6,46.4,19.46
Scottsbluff,20,US,1575566965,80,41.87,-103.67,37.99,5.82
Bom Jardim,20,BR,1575566965,33,-7.8,-35.59,89.6,9.17
Oksfjord,33,NO,1575566965,79,70.24,22.35,37.4,10.29
Quzhou,90,CN,1575566965,64,28.97,118.86,44.47,4.07
Bintulu,75,MY,1575566965,94,3.17,113.03,78.01,2.24
Petropavlovsk-Kamchatskiy,91,RU,1575566966,78,53.05,158.65,14,13.42
Suntar,71,RU,1575566966,96,62.16,117.65,-35.68,4.45
San Pedro,0,AR,1575566966,17,-33.68,-59.66,81.64,5.66
Havelock,20,US,1575566967,30,34.88,-76.9,57.2,13.87
Saint-Pierre,90,FR,1575566634,100,48.95,4.24,30.2,9.17
Nhulunbuy,18,AU,1575566967,83,-12.18,136.78,73.4,6.67
Rawson,0,AR,1575566644,68,-43.3,-65.11,56.21,15.55
Alofi,59,NU,1575566856,100,-19.06,-169.92,71.6,1.12
Agropoli,42,IT,1575566968,67,40.35,15,57.2,5.12
Riyadh,0,SA,1575566968,45,24.63,46.72,64.4,4.7
Srednekolymsk,98,RU,1575566706,87,67.46,153.71,-6.29,15.35
Taihe,16,CN,1575566969,47,26.8,114.92,47.3,9.66
Chadan,22,RU,1575566969,98,51.29,91.58,-8.79,0.74
Brae,75,GB,1575566850,93,60.4,-1.35,44.6,6.93
Donja Dubica,90,BA,1575566969,83,45.08,18.41,33.01,2.24
Ponta do Sol,91,BR,1575566970,89,-20.63,-46,72.3,7.49
Atar,0,MR,1575566890,25,20.52,-13.05,70.84,7.96
Halifax,90,CA,1575566945,100,44.65,-63.58,37.99,2.24
Aketi,42,CD,1575566970,68,2.74,23.78,76.41,0.43
Paragominas,64,BR,1575566850,59,-3,-47.35,87.98,5.7
Port Blair,56,IN,1575566449,72,11.67,92.75,79.41,18.92
Codrington,0,AU,1575566431,71,-28.95,153.24,57.2,4.7
Osoyoos,75,CA,1575566823,86,49.03,-119.47,35.6,5.82
Westport,90,US,1575566584,45,41.14,-73.36,45,18.34
Tual,100,ID,1575566692,71,-5.67,132.75,82.92,2.89
Laguna,75,BZ,1575566972,88,16.17,-88.94,77,5.64
Kununurra,74,AU,1575566972,65,-15.77,128.74,82.4,4.7
Mabaruma,15,GY,1575566972,64,8.2,-59.78,86.49,4.25
Ocampo,61,MX,1575566972,26,27.32,-102.4,71.28,0.6
Houma,0,CN,1575566816,76,35.63,111.36,28.4,7.83
Coihueco,0,CL,1575566973,31,-36.63,-71.83,78.8,14.99
College,1,US,1575566913,82,64.86,-147.8,-18.4,3.15
Moose Factory,90,CA,1575566973,85,51.26,-80.61,23,14.99
Pasighat,0,IN,1575566973,49,28.06,95.33,55.6,1.79
Talnakh,40,RU,1575566660,72,69.49,88.39,12.2,20.13
Quatre Cocos,40,MU,1575566974,83,-20.21,57.76,80.01,9.4
Karaton,75,ID,1575566974,88,-6.34,106.1,80.6,4.7
Mirnyy,100,RU,1575566974,90,56.57,36.46,35.28,13.11
San Jeronimo,75,PE,1575566975,100,-13.65,-73.37,37.4,11.41
Eirunepe,77,BR,1575566975,52,-6.66,-69.87,91.15,2.53
Mattru,0,SL,1575566446,74,7.62,-11.83,81.99,6.69
Palora,75,EC,1575566976,69,-1.7,-77.97,80.6,3.36
Rock Springs,90,US,1575566723,92,41.59,-109.2,23,9.17
Vostok,100,RU,1575566976,97,46.45,135.83,-14.44,4.9
Kedgwick,97,CA,1575566977,94,47.65,-67.35,26.6,4.61
Geraldton,75,CA,1575566533,85,49.72,-86.95,15.8,2.66
Tahe,86,CN,1575566977,81,52.34,124.71,-5.4,3.15
Ontario,20,US,1575566616,100,34.07,-117.65,61,6.93
Severo-Kurilsk,93,RU,1575566460,86,50.68,156.12,21.69,28.12
Paamiut,22,GL,1575566978,29,61.99,-49.67,20.95,8.52
Nago,0,IT,1575566978,75,45.88,10.89,45,3.36
Birjand,75,IR,1575566979,49,32.86,59.22,48.2,11.41
Perevolotskiy,97,RU,1575566979,96,51.88,54.19,20.68,10.22
Manga,0,PK,1575566979,76,31.31,74.05,55.4,2.19
Teya,40,MX,1575566979,54,21.05,-89.07,88,8.05
Makakilo City,90,US,1575566979,88,21.35,-158.09,77,3.36
Dunedin,30,NZ,1575566980,59,-45.87,170.5,57.99,13
Port Moresby,20,PG,1575566782,100,-9.47,147.16,75.2,3.36
Roros,83,NO,1575566980,81,62.57,11.38,32,5.82
Randers,100,DK,1575566981,81,56.46,10.04,46.4,8.05
Kholm,75,AF,1575566981,58,36.69,67.7,53.6,10.29
Hiriyur,30,IN,1575566981,90,13.94,76.62,67.37,11.68
Appleton,75,US,1575566982,80,44.26,-88.41,33.8,8.05
Mae Ramat,40,TH,1575566982,88,16.98,98.52,59.16,3.09
Pathein,45,MM,1575566982,71,16.78,94.73,74.03,7.87
Erenhot,89,CN,1575566937,66,43.65,111.97,17.08,11.92
Tyup,100,KG,1575566982,40,42.73,78.36,28.54,3.74
Peski,75,RU,1575566983,80,59.94,30.38,42.01,17.9
Santa Isabel,75,MX,1575566983,100,32.63,-115.58,51.8,3.36
Havoysund,75,NO,1575566983,86,71,24.66,37.4,8.05
Kharovsk,100,RU,1575566984,89,59.95,40.21,35.2,13.51
Casper,1,US,1575566984,73,42.87,-106.31,39.99,5.82
Pisco,48,PE,1575566984,30,-13.71,-76.2,71.6,10.29
Mandurah,0,AU,1575566984,32,-32.55,115.7,82.4,11.41
Mahibadhoo,94,MV,1575566985,82,3.78,72.97,81.64,17.72
Oranjemund,18,ZA,1575566985,50,-28.55,16.43,70.5,8.5
Salto,40,BR,1575566985,54,-23.2,-47.29,84.2,12.75
Marawi,100,PH,1575566605,93,8,124.29,77,4
Puerto Escondido,20,MX,1575566986,66,15.86,-97.07,86,6.6
Kamenka,0,MD,1575566986,77,48.03,28.7,30,4.29
Sibu,75,MY,1575566986,94,2.29,111.83,78.8,2.24
Emerald,11,AU,1575566987,69,-23.53,148.16,77,4.7
Belyy Yar,90,RU,1575566653,84,53.6,91.39,8.6,1.36
Nyagan,90,RU,1575566988,97,62.14,65.43,2.8,5.97
Kyaikkami,24,MM,1575566988,53,16.08,97.57,74.89,10.04
Salinopolis,5,BR,1575566988,79,-0.61,-47.36,81.61,17.78
Kampene,97,CD,1575566988,97,-3.59,26.67,70.14,1.86
Miranda,60,BR,1575566989,59,-20.24,-56.38,88.38,10.29
Lata,0,IN,1575566429,14,30.78,78.62,21.7,6.29
Dingle,100,PH,1575566417,89,11,122.67,74.32,4.36
Jardim,100,BR,1575566990,74,-21.48,-56.15,78.42,10.38
Otavi,93,NA,1575566990,75,-19.64,17.34,67.62,5.75
South Lake Tahoe,1,US,1575566805,100,38.93,-119.98,41,3.36
Chapais,90,CA,1575566821,79,49.78,-74.86,19.4,10.29
Alice Springs,11,AU,1575566956,13,-23.7,133.88,66.2,2.24
Qasigiannguit,5,GL,1575566991,50,68.82,-51.19,6.8,16.11
Linxi,20,CN,1575566991,71,23.65,116.7,50,11.18
Tres Arroyos,2,AR,1575566991,16,-38.38,-60.28,83.03,6.51
Bin Qirdan,0,TN,1575566991,52,33.14,11.22,62.53,7.7
Smithers,75,CA,1575566992,85,54.78,-127.17,14,3.36
Nouadhibou,0,MR,1575566992,60,20.93,-17.03,69.8,13.87
Tessalit,9,ML,1575566992,12,20.2,1.01,75.96,6.2
Sibolga,13,ID,1575566993,95,1.74,98.78,70.47,3.36
Lugus,100,PH,1575566993,74,5.7,120.82,82.74,4.07
Xiaoyi,0,CN,1575566993,53,37.15,111.77,25.47,2.59
Boende,16,CD,1575566994,76,-0.28,20.88,77.05,1.39
Itupeva,40,BR,1575566994,54,-23.15,-47.06,84.2,12.75
Anta,75,PE,1575566994,45,-13.47,-72.15,64.4,4.7
Guasdualito,40,VE,1575566995,66,7.24,-70.73,87.8,4.7
Nanga Eboko,0,CM,1575566995,42,4.68,12.37,76.35,1.7
La Romana,40,DO,1575566995,74,18.43,-68.97,87.8,12.75
Mayya,82,RU,1575566995,57,61.74,130.28,-41.8,6.71
Ryotsu,75,JP,1575566686,90,38.08,138.43,32,2.24
Pangody,100,RU,1575566996,95,65.85,74.49,8.15,6.53
Polaniec,0,PL,1575566996,79,50.43,21.28,34,16.11
Haapiti,75,PF,1575566996,78,-17.57,-149.87,80.6,1.12
Burnie,42,AU,1575566996,81,-41.05,145.91,48.99,11.99
Pacific Grove,75,US,1575566541,87,36.62,-121.92,57,3.36
Vila Velha,20,BR,1575566725,55,-3.71,-38.6,87.8,13.87
Sinnamary,23,GF,1575566997,80,5.38,-52.96,81.91,14.38
Grand-Lahou,70,CI,1575566547,79,5.24,-5,82.92,16.11
Vanavara,100,RU,1575566997,95,60.35,102.28,0.27,4.09
Bilma,0,NE,1575566772,16,18.69,12.92,73.2,8.5
Yining,99,CN,1575566998,66,29.04,114.56,41.22,2.84
Buraydah,40,SA,1575566969,49,26.33,43.97,73.4,8.05
Timra,20,SE,1575566998,69,62.49,17.33,39.2,10.29
Aktau,75,KZ,1575566999,56,43.65,51.16,32,4.47
Vestmanna,47,FO,1575566999,69,62.16,-7.17,39.2,25.28
Pontianak,100,ID,1575566999,94,-0.02,109.34,74.93,1.81
Ejura,70,GH,1575566999,45,7.38,-1.37,86.86,4.63
Falam,3,MM,1575566999,81,22.91,93.68,46.2,3.29
Arlit,0,NE,1575567000,9,18.74,7.39,79.14,3.87
Cosamaloapan,5,MX,1575567000,65,18.36,-95.8,82.76,0.67
Egvekinot,72,RU,1575566757,92,66.32,-179.17,-0.38,9.4
Mudanjiang,0,CN,1575567000,84,44.58,129.6,-5.84,7.65
Kaseda,100,JP,1575566776,59,31.42,130.32,46.54,5.61
Vilyuysk,40,RU,1575566986,97,63.75,121.63,-41.84,6.13
Skibotn,58,NO,1575567001,59,69.39,20.27,35.6,14.99
Muros,20,ES,1575566534,87,42.77,-9.06,57,8.05
Guiglo,46,CI,1575567002,43,6.55,-7.5,83.25,1.05
Zhezkazgan,91,KZ,1575567002,88,47.8,67.71,26.89,13.73
Anekal,40,IN,1575567003,100,12.71,77.7,68,3.36
Constantine,40,DZ,1575567003,62,36.36,6.61,51.8,4.7
Morococha,95,PE,1575567003,57,-11.61,-76.13,49.68,4.32
Ekhabi,100,RU,1575566949,91,53.51,142.97,15.62,22.01
Coihaique,20,CL,1575566898,47,-45.58,-72.07,60.8,10.29
Malanville,0,NE,1575567004,18,11.86,3.39,79.66,6.15
Do Gonbadan,0,IR,1575567004,93,30.36,50.8,53.6,2.26
Arden,100,DK,1575567005,75,56.77,9.86,46.4,18.34
Whitianga,0,NZ,1575567005,94,-36.83,175.7,60.01,2.15
Faya,3,SA,1575566576,82,18.39,42.45,62.6,5.82
Baiquan,0,CN,1575567006,89,47.61,126.08,-5.53,8.05
Xining,0,CN,1575566708,70,36.62,101.77,10.18,6.35
Karratha,18,AU,1575566410,68,-20.74,116.85,82.65,8.61
North Bend,90,US,1575566971,100,43.41,-124.22,46,4.7
Umm Lajj,0,SA,1575567007,43,25.02,37.27,70.38,3.24
Lieksa,100,FI,1575567007,86,63.32,30.02,35.78,11.39
Alma,90,US,1575567007,74,39.28,-106.06,33.8,16.11
Maxixe,75,MZ,1575567008,78,-23.86,35.35,71.6,3.36
Port Augusta,90,AU,1575567008,77,-32.49,137.76,62.6,10.29
Mehamn,75,NO,1575567008,99,71.03,27.85,37.4,3.58
Saint-Denis,90,FR,1575567008,76,48.94,2.36,35.6,4.7
Seoul,1,KR,1575566955,34,37.57,126.98,17.6,5.37
Sioux Lookout,90,CA,1575566866,85,50.1,-91.92,17.6,4.7
Hambantota,100,LK,1575567009,85,6.12,81.12,78.22,8.99
Saint George,75,GR,1575566900,87,39.45,22.34,48.2,4.7
Koungheul,100,SN,1575567010,12,13.98,-14.8,90.7,10.13
Agnibilekrou,88,CI,1575567010,58,7.13,-3.2,82.76,5.01
Basoko,33,CD,1575566474,65,1.23,23.61,77.79,0.81
Acarigua,24,VE,1575567011,51,9.56,-69.21,88.99,4.61
Sao Felix do Xingu,23,BR,1575566822,49,-6.64,-51.99,91.67,2.01
Fontem,8,CM,1575567011,73,5.49,9.85,66.16,2.39
Isangel,92,VU,1575566419,86,-19.55,169.27,77.43,8.39
Jatai,6,IN,1575567012,39,28.97,76.18,59.67,2.17
Ocos,20,GT,1575567013,46,14.51,-92.19,89.6,6.44
Pueblo Nuevo,0,AR,1575567013,6,-32.93,-68.73,87.8,17.22
Gazimurskiy Zavod,75,RU,1575567013,91,51.55,118.33,-10.53,3.22
Verkhnyaya Inta,98,RU,1575567013,94,65.99,60.32,7.92,5.55
Orumiyeh,75,IR,1575567014,80,37.55,45.08,39.2,4.7
Pytalovo,100,RU,1575567014,90,57.06,27.92,37.18,13.4
Agirish,75,RU,1575567014,95,61.92,63.02,3.36,6.02
Myaundzha,100,RU,1575567014,88,63.05,147.18,-17.28,5.91
Ivybridge,75,GB,1575567015,76,50.39,-3.92,51.01,11.41
Zabaykalsk,39,CN,1575567016,81,49.64,117.33,-3.69,7.2
Requena,75,ES,1575567016,87,39.49,-1.1,55.4,5.82
Itoman,90,JP,1575567016,88,26.12,127.67,62.6,14.99
Constitucion,20,MX,1575566588,25,23.99,-104.67,62.6,3.36
Trairi,72,BR,1575567017,40,-3.28,-39.27,89.65,11.48
Merritt Island,1,US,1575567018,49,28.54,-80.67,71.6,8.05
Klaksvik,44,FO,1575566853,69,62.23,-6.59,39.2,25.28
Mgandu,100,TZ,1575567018,86,-5.96,34.11,65.32,2.89
Boa Vista,40,BR,1575567018,46,2.82,-60.67,91.4,12.75
Sao Jose da Coroa Grande,100,BR,1575567019,69,-8.9,-35.15,80.87,9.17
Maiduguri,0,NG,1575567019,18,11.84,13.15,77.14,11.3
La Ronge,90,CA,1575566835,77,55.1,-105.3,6.8,4.7
Surgut,40,RU,1575567020,100,61.25,73.4,19.4,6.71
Kardamaina,20,GR,1575567020,66,36.78,27.14,53.6,11.41
Sampit,26,ID,1575567020,90,-2.54,112.95,75.6,1.97
Ulladulla,18,AU,1575567021,100,-35.36,150.48,55.4,4.43
Sourpi,75,GR,1575567021,87,39.1,22.9,48.2,4.7
Calvinia,0,ZA,1575567021,16,-31.47,19.78,76.93,8.23
Petauke,52,ZM,1575567022,78,-14.25,31.33,70.45,8.84
Ofaqim,14,IL,1575567022,81,31.31,34.62,64.99,6.24
Lasa,20,CY,1575567023,58,34.92,32.53,60.8,6.93
Ola,100,RU,1575567023,95,59.58,151.3,-6.72,16.46
Hami,8,CN,1575566452,48,42.84,93.51,22.42,3.11
Semnan,83,IR,1575566884,59,35.58,53.39,48.45,5.59
Caliling,100,PH,1575567024,82,9.98,122.48,80.73,6.31
Leua,84,AO,1575567024,94,-11.65,20.45,67.3,3.47
Loei,61,TH,1575567024,47,17.49,101.72,52.43,7.11
Cruz,88,BR,1575567024,48,-2.92,-40.18,88.92,14.34
Kvarkeno,99,RU,1575567025,93,52.08,59.73,16.95,9.31
Pangnirtung,90,CA,1575566469,55,66.15,-65.72,10.4,4.7
Usinsk,96,RU,1575567026,96,66,57.56,5.09,10.67
Pasni,0,PK,1575567026,48,25.26,63.48,70.83,1.59
Gondanglegi,83,ID,1575567026,88,-7.75,112.01,76.05,0.78
Aranos,100,NA,1575567026,78,-24.14,19.11,64.67,7.63
Mancora,0,PE,1575567027,100,-4.1,-81.05,62.6,12.75
Lakes Entrance,73,AU,1575566528,73,-37.88,147.99,55.99,1.01
Ilo,62,PE,1575567027,69,-17.65,-71.34,75.2,10.29
Swellendam,0,ZA,1575567027,56,-34.02,20.44,71.6,10.29
Galle,0,GN,1575567028,36,10.08,-12.83,80.69,1.95
Clyde River,75,CA,1575567028,83,70.47,-68.59,-9.4,9.17
Vitim,100,RU,1575567028,94,59.44,112.57,-1.39,9.08
San Quintin,57,PH,1575567029,94,17.54,120.52,72.14,2.95
Flin Flon,40,CA,1575567017,84,54.77,-101.88,-2.2,6.93
Grand Gaube,40,MU,1575566457,83,-20.01,57.66,80.01,9.73
Yeppoon,90,AU,1575567029,78,-23.13,150.74,78.8,2.44
Hellvik,75,NO,1575566779,93,59.92,5.78,46.4,17.22
Bima,100,ID,1575567030,91,-8.45,118.73,74.8,0.49
Lhokseumawe,79,ID,1575567030,93,5.18,97.15,70.39,2.73
Zhigansk,91,RU,1575567030,93,66.77,123.37,-34.73,9.8
Rocha,2,UY,1575566846,50,-34.48,-54.34,67.35,16.82
Mollendo,73,PE,1575567031,67,-17.03,-72.02,69.22,9.31
Aswan,0,EG,1575567031,24,24.09,32.9,67.21,11.12
Jalu,13,LY,1575567031,35,29.03,21.55,64.31,7.78
Lamu,5,CN,1575567031,49,35.77,102.37,14.88,5.03
Yarim,10,YE,1575567032,51,14.3,44.38,49.5,11.63
Celestun,0,MX,1575567032,64,20.87,-90.4,74.46,4.09
Yarada,95,IN,1575567032,83,17.65,83.27,69.8,2.24
Aklavik,90,CA,1575566722,71,68.22,-135.01,3.2,14.99
Santa Rosalia,75,IT,1575567032,87,38.07,13.27,61,11.41
Kurchum,100,KZ,1575567033,73,48.57,83.65,25.36,1.74
Liseleje,94,DK,1575567033,87,56.01,11.96,44.6,18.34
Porto Novo,75,BR,1575567033,69,-23.68,-45.44,78.8,3.36
Murgab,75,TM,1575567034,71,37.5,61.97,50,4.7
Moranbah,0,AU,1575567034,86,-22,148.04,72.81,10.76
Luwuk,100,ID,1575567034,80,-0.95,122.79,81.64,6.11
Benguela,0,AO,1575567034,73,-12.58,13.4,78.08,4.99
Sao Paulo de Olivenca,77,BR,1575567035,75,-3.38,-68.87,86.14,2.48
